[{"Seller Username": "TestSeller2", "Product ID": "D3KX", "Product Title": "CosmicByte", "Product Type": "Gaming Keyboard", "Price Per Day": 100, "Total Stock Available": 5}, {"Seller Username": "TestSeller1", "Product ID": "IHEG", "Product Title": "Game2", "Product Type": "Game CD", "Price Per Day": 70, "Total Stock Available": 10}, {"Seller Username": "Atul", "Product ID": "DUBH", "Product Title": "Hackathon", "Product Type": "Code", "Price Per Day": 100, "Total Stock Available": 10}, {"Seller Username": "Atul", "Product ID": "WW0C", "Product Title": "Hackathon", "Product Type": "Code", "Price Per Day": 1000, "Total Stock Available": 10}]